vertical,website,doc_id,attribute,true,pred
Movie,various_websites9,3,name,Shree Satya Narayan Vrat Katha Watch Full Movie Free Online - HindiMovies.to,shree satya narayan vrat katha
Movie,various_websites9,158,name,"Avatar: El sentido del agua - Disney+, DVD, Blu-Ray & Descarga digital | Disney",avatar : el sentido del agua
Movie,various_websites9,243,name,Babylon,la la land
Movie,various_websites9,44,name,Oppenheimer,
Movie,various_websites9,238,name,"Avatar: La Via dell'Acqua - Disney+, DVD, Blu-Ray & Download Digitale | Disney",altri film
Movie,various_websites9,134,name,Film Nene,recenze filmu nene
Movie,various_websites9,164,name,"Review: &#039;The Green Knight&#039;: Brilliant cinematography, sound design elevate this Dev Patel-starrer",green knight
Movie,various_websites9,8,name,Capo di Famiglia (2022),
Movie,various_websites9,14,name,Napoleon,
Movie,various_websites9,32,name,Oppenheimer,
Movie,various_websites9,81,name,Video | Get Lift-off for Your SMA Business,get lift - off for your sma business
Movie,various_websites9,50,name,Oppenheimer,
Movie,various_websites9,47,name,Oppenheimer,
Movie,various_websites9,139,name,Heavens Adore You,
Movie,various_websites9,77,name,1993,
Movie,various_websites9,131,name,&#8216;Words Bubble Up Like Soda Pop&#8217; Review,connect
Movie,various_websites9,236,name,Gran Turismo,
Movie,various_websites9,109,name,Guns of Banaras,"sorry, this page doesn â€™ t exist!"
Movie,various_websites9,245,name,"L'arme fatale""@fr",ma soiree tv
Movie,various_websites9,141,name,ERIC & ROSE,
Movie,various_websites9,111,name,Practical chess strategy: The Bishop,bishop
Movie,various_websites9,142,name,ERIC & ROSE,kontakt - anfragen
Movie,various_websites9,143,name,"Glee. Season 1, volume 1, Road to sectionals /",glee
Movie,various_websites9,81,name,Video | Get Lift-off for Your SMA Business,get lift - off for your sma business
Movie,various_websites9,108,name,1993,mori cinema
Movie,various_websites9,246,name,Toofaan,sport
Movie,various_websites9,13,name,Trolls - Gemeinsam stark,
Movie,various_websites9,165,name,Mer taxi txerqe,mer taxi txerqe 1 - 168 seria
Movie,various_websites9,61,name,Transformers: Rose Of The Beasts,transformers : rise of the beasts
Movie,various_websites9,112,name,Practical chess strategy: The Bishop,bishop
Movie,various_websites9,31,name,Oppenheimer,ducobu
Movie,various_websites9,210,name,Four Horsemen,
Movie,various_websites9,23,name,All Inclusive,barbie
Movie,various_websites9,202,name,The Avengers,shout
Movie,various_websites9,92,name,Spider-Man: Uniwersum,marvels
Movie,various_websites9,1,name,Hei Tiki (1935),tiki ( 2006
Movie,various_websites9,265,name,Toofaan,sport
Movie,various_websites9,57,name,911 (2018),911
Movie,various_websites9,3,name,Shree Satya Narayan Vrat Katha Watch Full Movie Free Online - HindiMovies.to,shree satya narayan vrat katha
Movie,various_websites9,211,name,Masterpiece,movie review : masterpiece
Movie,various_websites9,97,name,Takedown (Sanal Korsan),shawshank redemption
Movie,various_websites9,56,name,"2020 | Keller Williams | Miscellaneous | Bumper | (Company Logos, Animated (Sizzle))",our sister company
Movie,various_websites9,51,name,Oppenheimer,
Movie,various_websites9,222,name,Jennifer Knapp w/ Redd,
Movie,various_websites9,42,name,Oppenheimer,
Movie,various_websites9,101,name,"Wonder Woman 1984 (2020), Kisah Diana Prince dan Trailer",wonder woman 1984 ( 2020
Movie,various_websites9,30,name,NOT MY MOTHER'S BAKING,as joyce
Movie,various_websites9,37,name,Oppenheimer,
Movie,various_websites9,61,name,Transformers: Rose Of The Beasts,transformers : rise of the beasts
Movie,various_websites9,210,name,Four Horsemen,2012
Movie,various_websites9,39,name,Oppenheimer,
Movie,various_websites9,46,name,Oppenheimer,
Movie,various_websites9,0,name,tides,wir beantworten ihre fragen
Movie,various_websites9,141,name,ERIC & ROSE,kontakt - anfragen
Movie,various_websites9,45,name,Oppenheimer,
Movie,various_websites9,49,name,Oppenheimer,
Movie,various_websites9,84,name,"Elf""@en",warner bros. discovery
Movie,various_websites9,57,name,911 (2018),911
Movie,various_websites9,81,name,Video | Get Lift-off for Your SMA Business,get lift - off for your sma business
Movie,various_websites9,105,name,Sea Trout Secrets 1-4,terrible muddler
Movie,various_websites9,271,name,ME(ME),good
Movie,various_websites9,42,name,Oppenheimer,supermarche
Movie,various_websites9,50,name,Oppenheimer,supermarche
Movie,various_websites9,35,name,Oppenheimer,supermarche
Movie,various_websites9,158,name,"Avatar: El sentido del agua - Disney+, DVD, Blu-Ray & Descarga digital | Disney",dirigida por
Movie,various_websites9,105,name,Sea Trout Secrets 1-4,gff money box
Movie,various_websites9,0,name,tides,eine einzigartige themenauswahl
Movie,various_websites9,222,name,Jennifer Knapp w/ Redd,
Movie,various_websites9,219,name,National Theatre Live: Find A Venue,national theatre live : find a venue | showtimes
Movie,various_websites9,1,name,Hei Tiki (1935),kon - tiki ( 1950
Movie,various_websites9,85,name,Recenze:,little movie diary
Movie,various_websites9,58,name,The Last Voyage of the Demeter,evil is aboard : the making of the last voyage of the demeter
Movie,various_websites9,142,name,ERIC & ROSE,kontakt - anfragen
Movie,various_websites9,45,name,Oppenheimer,supermarche
Movie,various_websites9,48,name,Oppenheimer,supermarche
Movie,various_websites9,21,name,Avengers: Endgame,joker
Movie,various_websites9,134,name,Film Nene,strach z & nbsp ; nezname entity
Movie,various_websites9,66,name,Han Solo: Una historia de Star Wars | Disney Latino Oficial,lego star wars
Movie,various_websites9,55,name,Oppenheimer,supermarche
Movie,various_websites9,49,name,Oppenheimer,supermarche
